{
  "project_info": {
    "project_number": "692838962543",
    "firebase_url": "https://newbie-8fcfe.firebaseio.com",
    "project_id": "newbie-8fcfe",
    "storage_bucket": "newbie-8fcfe.appspot.com"
  },
  "client": [
    {
      "client_info": {
        "mobilesdk_app_id": "1:692838962543:android:a56ea30334da446f5b849a",
        "android_client_info": {
          "package_name": "com.gkv.newbie"
        }
      },
      "oauth_client": [
        {
          "client_id": "692838962543-h8ctsun2mkkbgrk2rjg54nhi1o9panc5.apps.googleusercontent.com",
          "client_type": 3
        }
      ],
      "api_key": [
        {
          "current_key": "AIzaSyDsab2ja0Rc9zMfsUJPNosm24XBytPLwis"
        }
      ],
      "services": {
        "appinvite_service": {
          "other_platform_oauth_client": [
            {
              "client_id": "692838962543-h8ctsun2mkkbgrk2rjg54nhi1o9panc5.apps.googleusercontent.com",
              "client_type": 3
            }
          ]
        }
      }
    }
  ],
  "configuration_version": "1"
}